mode,variant,cache_i,sa_size,layout,case,P,Q,M,tiles,k_it,us_tot,us,cyc_kit,checksum,check
free,vanilla-nci,off,2,ocm,free,2,2,2,1,4,973,9.73,243,0x6ACA64F5,ok
free,vanilla-nci,off,2,ocm,free,2,2,4,1,6,975,9.75,162,0x25E1B2C5,ok
free,vanilla-nci,off,2,ocm,free,2,2,8,1,10,973,9.73,97,0xF76182D3,ok
free,vanilla-nci,off,2,ocm,free,2,2,16,1,18,975,9.75,54,0x3B2B06C6,ok
free,vanilla-nci,off,2,ocm,free,2,2,32,1,34,1205,12.05,35,0x90808DA2,ok
free,vanilla-nci,off,2,ocm,free,2,2,64,1,66,1403,14.03,21,0x394BCFC1,ok
free,vanilla-nci,off,2,ocm,free,2,2,128,1,130,2256,22.56,17,0xE3EF615C,ok
free,vanilla-nci,off,2,ocm,free,16,16,2,64,4,6885,68.85,26,0xACAD8D17,ok
free,vanilla-nci,off,2,ocm,free,32,16,2,128,4,12781,127.81,24,0x51DA4E14,ok
free,vanilla-nci,off,2,ocm,free,64,16,2,256,4,24986,249.86,24,0x724FF13C,ok
free,vanilla-nci,off,2,ocm,free,128,16,2,512,4,49352,493.52,24,0x308F9B06,ok
free,vanilla-nci,off,2,ocm,free,16,16,4,64,6,8419,84.19,21,0x5853D964,ok
free,vanilla-nci,off,2,ocm,free,32,16,4,128,6,16141,161.41,21,0xD6455C5E,ok
free,vanilla-nci,off,2,ocm,free,64,16,4,256,6,31290,312.9,20,0xA5FB6CC5,ok
free,vanilla-nci,off,2,ocm,free,128,16,4,512,6,61566,615.66,20,0x871B3EE4,ok
free,vanilla-nci,off,2,ocm,free,16,16,8,64,10,11517,115.17,17,0x0C9F79BB,ok
free,vanilla-nci,off,2,ocm,free,32,16,8,128,10,22045,220.45,17,0x10449F1F,ok
free,vanilla-nci,off,2,ocm,free,64,16,8,256,10,43484,434.84,16,0x47702AFB,ok
free,vanilla-nci,off,2,ocm,free,128,16,8,512,10,85947,859.47,16,0x46506690,ok
free,vanilla-nci,off,2,ocm,free,16,16,16,64,18,17420,174.2,15,0x45E151C6,ok
free,vanilla-nci,off,2,ocm,free,32,16,16,128,18,34253,342.53,14,0xF768DDA3,ok
free,vanilla-nci,off,2,ocm,free,64,16,16,256,18,67970,679.7,14,0xBD9FC448,ok
free,vanilla-nci,off,2,ocm,free,128,16,16,512,18,135439,1354.39,14,0xB19A24B6,ok
free,vanilla-nci,off,2,ocm,free,16,16,64,64,66,54428,544.28,12,0xD6C5F919,ok
free,vanilla-nci,off,2,ocm,free,32,16,64,128,66,108286,1082.86,12,0x3F92C6E8,ok
free,vanilla-nci,off,2,ocm,free,64,16,64,256,66,215549,2155.49,12,0x16FAF822,ok
free,vanilla-nci,off,2,ocm,free,16,32,2,128,4,12781,127.81,24,0xF35CFBC6,ok
free,vanilla-nci,off,2,ocm,free,16,64,2,256,4,24985,249.85,24,0x8C82F0F9,ok
free,vanilla-nci,off,2,ocm,free,16,128,2,512,4,49366,493.66,24,0x8751098A,ok
free,vanilla-nci,off,2,ocm,free,16,32,4,128,6,16147,161.47,21,0x1647889A,ok
free,vanilla-nci,off,2,ocm,free,16,64,4,256,6,31292,312.92,20,0xC6A3DC5F,ok
free,vanilla-nci,off,2,ocm,free,16,128,4,512,6,61566,615.66,20,0xA4FF57D6,ok
free,vanilla-nci,off,2,ocm,free,16,32,8,128,10,22043,220.43,17,0x80C45CA8,ok
free,vanilla-nci,off,2,ocm,free,16,64,8,256,10,43485,434.85,16,0x2DDF9BAC,ok
free,vanilla-nci,off,2,ocm,free,16,128,8,512,10,85948,859.48,16,0x0BD2FFD8,ok
free,vanilla-nci,off,2,ocm,free,16,32,16,128,18,34254,342.54,14,0xA8A16076,ok
free,vanilla-nci,off,2,ocm,free,16,64,16,256,18,67939,679.39,14,0x0C604263,ok
free,vanilla-nci,off,2,ocm,free,16,128,16,512,18,135523,1355.23,14,0xD529CA1C,ok
free,vanilla-nci,off,2,ocm,free,16,32,64,128,66,108286,1082.86,12,0xA6923FCB,ok
free,vanilla-nci,off,2,ocm,free,16,64,64,256,66,215544,2155.44,12,0x8CCCA231,ok
free,vanilla-nci,off,2,ocm,free,16,128,64,512,66,430525,4305.25,12,0xB15FA9FD,ok
free,vanilla-nci,off,4,ocm,free,4,4,2,1,8,974,9.74,121,0x17A031FC,ok
free,vanilla-nci,off,4,ocm,free,4,4,4,1,10,975,9.75,97,0x31AD1F20,ok
free,vanilla-nci,off,4,ocm,free,4,4,8,1,14,973,9.73,69,0xCAFBB96C,ok
free,vanilla-nci,off,4,ocm,free,4,4,16,1,22,1393,13.93,63,0x97AC96B0,ok
free,vanilla-nci,off,4,ocm,free,4,4,32,1,38,1830,18.3,48,0x5B0A8633,ok
free,vanilla-nci,off,4,ocm,free,4,4,64,1,70,2258,22.58,32,0xA456C9E5,ok
free,vanilla-nci,off,4,ocm,free,4,4,128,1,134,3941,39.41,29,0xC5B8D5B4,ok
free,vanilla-nci,off,4,ocm,free,16,16,2,16,8,3939,39.39,30,0xACAD8D17,ok
free,vanilla-nci,off,4,ocm,free,32,16,2,32,8,6889,68.89,26,0x51DA4E14,ok
free,vanilla-nci,off,4,ocm,free,64,16,2,64,8,13205,132.05,25,0x724FF13C,ok
free,vanilla-nci,off,4,ocm,free,128,16,2,128,8,25827,258.27,25,0x308F9B06,ok
free,vanilla-nci,off,4,ocm,free,16,16,4,16,10,4771,47.71,29,0x5853D964,ok
free,vanilla-nci,off,4,ocm,free,32,16,4,32,10,8573,85.73,26,0xD6455C5E,ok
free,vanilla-nci,off,4,ocm,free,64,16,4,64,10,16153,161.53,25,0xA5FB6CC5,ok
free,vanilla-nci,off,4,ocm,free,128,16,4,128,10,31711,317.11,24,0x871B3EE4,ok
free,vanilla-nci,off,4,ocm,free,16,16,8,16,14,6044,60.44,26,0x0C9F79BB,ok
free,vanilla-nci,off,4,ocm,free,32,16,8,32,14,11518,115.18,25,0x10449F1F,ok
free,vanilla-nci,off,4,ocm,free,64,16,8,64,14,22463,224.63,25,0x47702AFB,ok
free,vanilla-nci,off,4,ocm,free,128,16,8,128,14,43922,439.22,24,0x46506690,ok
free,vanilla-nci,off,4,ocm,free,16,16,16,16,22,9359,93.59,26,0x45E151C6,ok
free,vanilla-nci,off,4,ocm,free,32,16,16,32,22,17832,178.32,25,0xF768DDA3,ok
free,vanilla-nci,off,4,ocm,free,64,16,16,64,22,34658,346.58,24,0xBD9FC448,ok
free,vanilla-nci,off,4,ocm,free,128,16,16,128,22,68401,684.01,24,0xB19A24B6,ok
free,vanilla-nci,off,4,ocm,free,16,16,64,16,70,27511,275.11,24,0xD6C5F919,ok
free,vanilla-nci,off,4,ocm,free,32,16,64,32,70,54439,544.39,24,0x3F92C6E8,ok
free,vanilla-nci,off,4,ocm,free,64,16,64,64,70,108281,1082.81,24,0x16FAF822,ok
free,vanilla-nci,off,4,ocm,free,16,32,2,32,8,6886,68.86,26,0xF35CFBC6,ok
free,vanilla-nci,off,4,ocm,free,16,64,2,64,8,13203,132.03,25,0x8C82F0F9,ok
free,vanilla-nci,off,4,ocm,free,16,128,2,128,8,25826,258.26,25,0x8751098A,ok
free,vanilla-nci,off,4,ocm,free,16,32,4,32,10,8573,85.73,26,0x1647889A,ok
free,vanilla-nci,off,4,ocm,free,16,64,4,64,10,16152,161.52,25,0xC6A3DC5F,ok
free,vanilla-nci,off,4,ocm,free,16,128,4,128,10,31713,317.13,24,0xA4FF57D6,ok
free,vanilla-nci,off,4,ocm,free,16,32,8,32,14,11517,115.17,25,0x80C45CA8,ok
free,vanilla-nci,off,4,ocm,free,16,64,8,64,14,22453,224.53,25,0x2DDF9BAC,ok
free,vanilla-nci,off,4,ocm,free,16,128,8,128,14,43920,439.2,24,0x0BD2FFD8,ok
free,vanilla-nci,off,4,ocm,free,16,32,16,32,22,17828,178.28,25,0xA8A16076,ok
free,vanilla-nci,off,4,ocm,free,16,64,16,64,22,34659,346.59,24,0x0C604263,ok
free,vanilla-nci,off,4,ocm,free,16,128,16,128,22,68445,684.45,24,0xD529CA1C,ok
free,vanilla-nci,off,4,ocm,free,16,32,64,32,70,54437,544.37,24,0xA6923FCB,ok
free,vanilla-nci,off,4,ocm,free,16,64,64,64,70,108290,1082.9,24,0x8CCCA231,ok
free,vanilla-nci,off,4,ocm,free,16,128,64,128,70,215987,2159.87,24,0xB15FA9FD,ok
free,vanilla-nci,off,8,ocm,free,8,8,2,1,16,1416,14.16,88,0x9D073368,ok
free,vanilla-nci,off,8,ocm,free,8,8,4,1,18,1426,14.26,79,0x3B2ED320,ok
free,vanilla-nci,off,8,ocm,free,8,8,8,1,22,1826,18.26,83,0xAAC69161,ok
free,vanilla-nci,off,8,ocm,free,8,8,16,1,30,2136,21.36,71,0xD0E8EC24,ok
free,vanilla-nci,off,8,ocm,free,8,8,32,1,46,2679,26.79,58,0x9B1D6EDB,ok
free,vanilla-nci,off,8,ocm,free,8,8,64,1,78,4361,43.61,55,0x802216F2,ok
free,vanilla-nci,off,8,ocm,free,8,8,128,1,142,7307,73.07,51,0x1A2E2D76,ok
free,vanilla-nci,off,8,ocm,free,16,16,2,4,16,3518,35.18,54,0xACAD8D17,ok
free,vanilla-nci,off,8,ocm,free,32,16,2,8,16,6047,60.47,47,0x51DA4E14,ok
free,vanilla-nci,off,8,ocm,free,64,16,2,16,16,11520,115.2,45,0x724FF13C,ok
free,vanilla-nci,off,8,ocm,free,128,16,2,32,16,22484,224.84,43,0x308F9B06,ok
free,vanilla-nci,off,8,ocm,free,16,16,4,4,18,3929,39.29,54,0x5853D964,ok
free,vanilla-nci,off,8,ocm,free,32,16,4,8,18,6892,68.92,47,0xD6455C5E,ok
free,vanilla-nci,off,8,ocm,free,64,16,4,16,18,12785,127.85,44,0xA5FB6CC5,ok
free,vanilla-nci,off,8,ocm,free,128,16,4,32,18,24986,249.86,43,0x871B3EE4,ok
free,vanilla-nci,off,8,ocm,free,16,16,8,4,22,4360,43.6,49,0x0C9F79BB,ok
free,vanilla-nci,off,8,ocm,free,32,16,8,8,22,8149,81.49,46,0x10449F1F,ok
free,vanilla-nci,off,8,ocm,free,64,16,8,16,22,15311,153.11,43,0x47702AFB,ok
free,vanilla-nci,off,8,ocm,free,128,16,8,32,22,30033,300.33,42,0x46506690,ok
free,vanilla-nci,off,8,ocm,free,16,16,16,4,30,6046,60.46,50,0x45E151C6,ok
free,vanilla-nci,off,8,ocm,free,32,16,16,8,30,11099,110.99,46,0xF768DDA3,ok
free,vanilla-nci,off,8,ocm,free,64,16,16,16,30,21624,216.24,45,0xBD9FC448,ok
free,vanilla-nci,off,8,ocm,free,128,16,16,32,30,42226,422.26,43,0xB19A24B6,ok
free,vanilla-nci,off,8,ocm,free,16,16,64,4,78,15304,153.04,49,0xD6C5F919,ok
free,vanilla-nci,off,8,ocm,free,32,16,64,8,78,29612,296.12,47,0x3F92C6E8,ok
free,vanilla-nci,off,8,ocm,free,64,16,64,16,78,58613,586.13,46,0x16FAF822,ok
free,vanilla-nci,off,8,ocm,free,16,32,2,8,16,6046,60.46,47,0xF35CFBC6,ok
free,vanilla-nci,off,8,ocm,free,16,64,2,16,16,11518,115.18,44,0x8C82F0F9,ok
free,vanilla-nci,off,8,ocm,free,16,128,2,32,16,22496,224.96,43,0x8751098A,ok
free,vanilla-nci,off,8,ocm,free,16,32,4,8,18,6891,68.91,47,0x1647889A,ok
free,vanilla-nci,off,8,ocm,free,16,64,4,16,18,12784,127.84,44,0xC6A3DC5F,ok
free,vanilla-nci,off,8,ocm,free,16,128,4,32,18,24988,249.88,43,0xA4FF57D6,ok
free,vanilla-nci,off,8,ocm,free,16,32,8,8,22,8150,81.5,46,0x80C45CA8,ok
free,vanilla-nci,off,8,ocm,free,16,64,8,16,22,15311,153.11,43,0x2DDF9BAC,ok
free,vanilla-nci,off,8,ocm,free,16,128,8,32,22,30032,300.32,42,0x0BD2FFD8,ok
free,vanilla-nci,off,8,ocm,free,16,32,16,8,30,11095,110.95,46,0xA8A16076,ok
free,vanilla-nci,off,8,ocm,free,16,64,16,16,30,21624,216.24,45,0x0C604263,ok
free,vanilla-nci,off,8,ocm,free,16,128,16,32,30,42226,422.26,43,0xD529CA1C,ok
free,vanilla-nci,off,8,ocm,free,16,32,64,8,78,29611,296.11,47,0xA6923FCB,ok
free,vanilla-nci,off,8,ocm,free,16,64,64,16,78,58610,586.1,46,0x8CCCA231,ok
free,vanilla-nci,off,8,ocm,free,16,128,64,32,78,116220,1162.2,46,0xB15FA9FD,ok
free,vanilla-nci,off,16,ocm,free,16,16,2,1,32,2675,26.75,83,0xACAD8D17,ok
free,vanilla-nci,off,16,ocm,free,16,16,4,1,34,3084,30.84,90,0x5853D964,ok
free,vanilla-nci,off,16,ocm,free,16,16,8,1,38,3511,35.11,92,0x0C9F79BB,ok
free,vanilla-nci,off,16,ocm,free,16,16,16,1,46,3939,39.39,85,0x45E151C6,ok
free,vanilla-nci,off,16,ocm,free,16,16,32,1,62,5622,56.22,90,0xD0F8E218,ok
free,vanilla-nci,off,16,ocm,free,16,16,64,1,94,8564,85.64,91,0xD6C5F919,ok
free,vanilla-nci,off,16,ocm,free,16,16,128,1,158,14872,148.72,94,0x03E10E44,ok
free,vanilla-nci,off,16,ocm,free,16,16,2,1,32,2673,26.73,83,0xACAD8D17,ok
free,vanilla-nci,off,16,ocm,free,32,16,2,2,32,4774,47.74,74,0x51DA4E14,ok
free,vanilla-nci,off,16,ocm,free,64,16,2,4,32,8563,85.63,66,0x724FF13C,ok
free,vanilla-nci,off,16,ocm,free,128,16,2,8,32,16554,165.54,64,0x308F9B06,ok
free,vanilla-nci,off,16,ocm,free,16,16,4,1,34,3084,30.84,90,0x5853D964,ok
free,vanilla-nci,off,16,ocm,free,32,16,4,2,34,5200,52.0,76,0xD6455C5E,ok
free,vanilla-nci,off,16,ocm,free,64,16,4,4,34,9404,94.04,69,0xA5FB6CC5,ok
free,vanilla-nci,off,16,ocm,free,128,16,4,8,34,18234,182.34,67,0x871B3EE4,ok
free,vanilla-nci,off,16,ocm,free,16,16,8,1,38,3514,35.14,92,0x0C9F79BB,ok
free,vanilla-nci,off,16,ocm,free,32,16,8,2,38,6042,60.42,79,0x10449F1F,ok
free,vanilla-nci,off,16,ocm,free,64,16,8,4,38,11091,110.91,72,0x47702AFB,ok
free,vanilla-nci,off,16,ocm,free,128,16,8,8,38,21622,216.22,71,0x46506690,ok
free,vanilla-nci,off,16,ocm,free,16,16,16,1,46,3938,39.38,85,0x45E151C6,ok
free,vanilla-nci,off,16,ocm,free,32,16,16,2,46,7303,73.03,79,0xF768DDA3,ok
free,vanilla-nci,off,16,ocm,free,64,16,16,4,46,14034,140.34,76,0xBD9FC448,ok
free,vanilla-nci,off,16,ocm,free,128,16,16,8,46,27485,274.85,74,0xB19A24B6,ok
free,vanilla-nci,off,16,ocm,free,16,16,64,1,94,8564,85.64,91,0xD6C5F919,ok
free,vanilla-nci,off,16,ocm,free,32,16,64,2,94,16556,165.56,88,0x3F92C6E8,ok
free,vanilla-nci,off,16,ocm,free,64,16,64,4,94,32544,325.44,86,0x16FAF822,ok
free,vanilla-nci,off,16,ocm,free,16,32,2,2,32,4774,47.74,74,0xF35CFBC6,ok
free,vanilla-nci,off,16,ocm,free,16,64,2,4,32,8564,85.64,66,0x8C82F0F9,ok
free,vanilla-nci,off,16,ocm,free,16,128,2,8,32,16552,165.52,64,0x8751098A,ok
free,vanilla-nci,off,16,ocm,free,16,32,4,2,34,5197,51.97,76,0x1647889A,ok
free,vanilla-nci,off,16,ocm,free,16,64,4,4,34,9405,94.05,69,0xC6A3DC5F,ok
free,vanilla-nci,off,16,ocm,free,16,128,4,8,34,18233,182.33,67,0xA4FF57D6,ok
free,vanilla-nci,off,16,ocm,free,16,32,8,2,38,6039,60.39,79,0x80C45CA8,ok
free,vanilla-nci,off,16,ocm,free,16,64,8,4,38,11085,110.85,72,0x2DDF9BAC,ok
free,vanilla-nci,off,16,ocm,free,16,128,8,8,38,21607,216.07,71,0x0BD2FFD8,ok
free,vanilla-nci,off,16,ocm,free,16,32,16,2,46,7302,73.02,79,0xA8A16076,ok
free,vanilla-nci,off,16,ocm,free,16,64,16,4,46,14031,140.31,76,0x0C604263,ok
free,vanilla-nci,off,16,ocm,free,16,128,16,8,46,27484,274.84,74,0xD529CA1C,ok
free,vanilla-nci,off,16,ocm,free,16,32,64,2,94,16556,165.56,88,0xA6923FCB,ok
free,vanilla-nci,off,16,ocm,free,16,64,64,4,94,32547,325.47,86,0x8CCCA231,ok
free,vanilla-nci,off,16,ocm,free,16,128,64,8,94,64507,645.07,85,0xB15FA9FD,ok
