mode,variant,mitig,scrub,cache_i,sa_size,layout,image,image_id,gold,pred,correct,us_tot,us,fps,accuracy,inferences,us_per_image,fps_run,im2col_us,transfer_us,gemm_us,other_us,pooling
cnn,vanilla-nci,none,off,off,2,bram,0,6223,5,5,yes,571761,11435.22,87.44,6/6,300,11569.35,86.43,2429,476,4189,4475,450 0 0 0 871 3032
cnn,vanilla-nci,none,off,off,2,bram,1,73380,2,2,yes,580250,11605.0,86.16,6/6,300,11569.35,86.43,2429,476,4189,4475,256 1823 2846 1881 1378 1
cnn,vanilla-nci,none,off,off,2,bram,2,6744,4,4,yes,581422,11628.44,85.99,6/6,300,11569.35,86.43,2429,476,4189,4475,577 703 52 49 1689 0
cnn,vanilla-nci,none,off,off,2,bram,3,66768,3,3,yes,578218,11564.36,86.47,6/6,300,11569.35,86.43,2429,476,4189,4475,102 1341 472 1928 846 18
cnn,vanilla-nci,none,off,off,2,bram,4,79150,0,0,yes,580040,11600.8,86.2,6/6,300,11569.35,86.43,2429,476,4189,4475,2855 804 405 259 1467 243
cnn,vanilla-nci,none,off,off,2,bram,6,76951,1,1,yes,579115,11582.3,86.33,6/6,300,11569.35,86.43,2429,476,4189,4475,0 3096 2239 2324 1961 0
cnn,vanilla-nci,none,off,off,4,bram,0,6223,5,5,yes,461361,9227.22,108.37,6/6,300,9343.79,107.02,2433,475,1207,5228,450 0 0 0 871 3032
cnn,vanilla-nci,none,off,off,4,bram,1,73380,2,2,yes,469190,9383.8,106.56,6/6,300,9343.79,107.02,2433,475,1207,5228,256 1823 2846 1881 1378 1
cnn,vanilla-nci,none,off,off,4,bram,2,6744,4,4,yes,469781,9395.62,106.43,6/6,300,9343.79,107.02,2433,475,1207,5228,577 703 52 49 1689 0
cnn,vanilla-nci,none,off,off,4,bram,3,66768,3,3,yes,466668,9333.36,107.14,6/6,300,9343.79,107.02,2433,475,1207,5228,102 1341 472 1928 846 18
cnn,vanilla-nci,none,off,off,4,bram,4,79150,0,0,yes,469374,9387.48,106.52,6/6,300,9343.79,107.02,2433,475,1207,5228,2855 804 405 259 1467 243
cnn,vanilla-nci,none,off,off,4,bram,6,76951,1,1,yes,466763,9335.26,107.12,6/6,300,9343.79,107.02,2433,475,1207,5228,0 3096 2239 2324 1961 0
cnn,vanilla-nci,none,off,off,8,bram,0,6223,5,5,yes,388840,7776.8,128.58,6/6,300,7927.36,126.14,2463,475,499,4490,450 0 0 0 871 3032
cnn,vanilla-nci,none,off,off,8,bram,1,73380,2,2,yes,399629,7992.58,125.11,6/6,300,7927.36,126.14,2463,475,499,4490,256 1823 2846 1881 1378 1
cnn,vanilla-nci,none,off,off,8,bram,2,6744,4,4,yes,399827,7996.54,125.05,6/6,300,7927.36,126.14,2463,475,499,4490,577 703 52 49 1689 0
cnn,vanilla-nci,none,off,off,8,bram,3,66768,3,3,yes,396852,7937.04,125.99,6/6,300,7927.36,126.14,2463,475,499,4490,102 1341 472 1928 846 18
cnn,vanilla-nci,none,off,off,8,bram,4,79150,0,0,yes,399457,7989.14,125.16,6/6,300,7927.36,126.14,2463,475,499,4490,2855 804 405 259 1467 243
cnn,vanilla-nci,none,off,off,8,bram,6,76951,1,1,yes,393604,7872.08,127.03,6/6,300,7927.36,126.14,2463,475,499,4490,0 3096 2239 2324 1961 0
cnn,vanilla-nci,none,off,off,16,bram,0,6223,5,5,yes,357113,7142.26,140.01,6/6,300,7197.44,138.93,2221,475,314,4187,450 0 0 0 871 3032
cnn,vanilla-nci,none,off,off,16,bram,1,73380,2,2,yes,361836,7236.72,138.18,6/6,300,7197.44,138.93,2221,475,314,4187,256 1823 2846 1881 1378 1
cnn,vanilla-nci,none,off,off,16,bram,2,6744,4,4,yes,362816,7256.32,137.81,6/6,300,7197.44,138.93,2221,475,314,4187,577 703 52 49 1689 0
cnn,vanilla-nci,none,off,off,16,bram,3,66768,3,3,yes,359169,7183.38,139.21,6/6,300,7197.44,138.93,2221,475,314,4187,102 1341 472 1928 846 18
cnn,vanilla-nci,none,off,off,16,bram,4,79150,0,0,yes,362308,7246.16,138.0,6/6,300,7197.44,138.93,2221,475,314,4187,2855 804 405 259 1467 243
cnn,vanilla-nci,none,off,off,16,bram,6,76951,1,1,yes,355992,7119.84,140.45,6/6,300,7197.44,138.93,2221,475,314,4187,0 3096 2239 2324 1961 0
