mode,variant,mitig,scrub,cache_i,sa_size,layout,case,P,Q,M,tiles,k_it,us_tot,us,cyc_kit,checksum,check
bench,vanilla-nci,none,off,off,2,bram,g1_8x8,8,8,8,,,,18.65,,,ok
bench,vanilla-nci,none,off,off,2,bram,g1_16x16,16,16,16,,,,77.29,,,ok
bench,vanilla-nci,none,off,off,2,bram,g1_32x32,32,32,32,,,,455.89,,,ok
bench,vanilla-nci,none,off,off,2,bram,g1_64x64,64,64,64,,,,3134.02,,,ok
bench,vanilla-nci,none,off,off,2,bram,g2_16x8,16,8,8,,,,31.71,,,ok
bench,vanilla-nci,none,off,off,2,bram,g2_64x8,64,8,8,,,,109.8,,,ok
bench,vanilla-nci,none,off,off,2,bram,g2_256x8,256,8,8,,,,422.11,,,ok
bench,vanilla-nci,none,off,off,2,bram,g2_64x16,64,16,16,,,,291.99,,,ok
bench,vanilla-nci,none,off,off,2,bram,g2_256x16,256,16,16,,,,1150.84,,,ok
bench,vanilla-nci,none,off,off,2,bram,g2_64x32,64,32,32,,,,906.19,,,ok
bench,vanilla-nci,none,off,off,2,bram,g3_8x16,8,16,16,,,,41.43,,,ok
bench,vanilla-nci,none,off,off,2,bram,g3_8x64,8,64,64,,,,396.74,,,ok
bench,vanilla-nci,none,off,off,2,bram,g3_16x64,16,64,64,,,,787.72,,,ok
bench,vanilla-nci,none,off,off,2,bram,g3_32x64,32,64,64,,,,1569.78,,,ok
bench,vanilla-nci,none,off,off,4,bram,g1_8x8,8,8,8,,,,10.2,,,ok
bench,vanilla-nci,none,off,off,4,bram,g1_16x16,16,16,16,,,,28.36,,,ok
bench,vanilla-nci,none,off,off,4,bram,g1_32x32,32,32,32,,,,136.58,,,ok
bench,vanilla-nci,none,off,off,4,bram,g1_64x64,64,64,64,,,,859.77,,,ok
bench,vanilla-nci,none,off,off,4,bram,g2_16x8,16,8,8,,,,14.78,,,ok
bench,vanilla-nci,none,off,off,4,bram,g2_64x8,64,8,8,,,,41.85,,,ok
bench,vanilla-nci,none,off,off,4,bram,g2_256x8,256,8,8,,,,150.33,,,ok
bench,vanilla-nci,none,off,off,4,bram,g2_64x16,64,16,16,,,,96.29,,,ok
bench,vanilla-nci,none,off,off,4,bram,g2_256x16,256,16,16,,,,367.99,,,ok
bench,vanilla-nci,none,off,off,4,bram,g2_64x32,64,32,32,,,,267.52,,,ok
bench,vanilla-nci,none,off,off,4,bram,g3_8x16,8,16,16,,,,16.97,,,ok
bench,vanilla-nci,none,off,off,4,bram,g3_8x64,8,64,64,,,,112.41,,,ok
bench,vanilla-nci,none,off,off,4,bram,g3_16x64,16,64,64,,,,219.14,,,ok
bench,vanilla-nci,none,off,off,4,bram,g3_32x64,32,64,64,,,,432.71,,,ok
bench,vanilla-nci,none,off,off,8,bram,g1_8x8,8,8,8,,,,8.86,,,ok
bench,vanilla-nci,none,off,off,8,bram,g1_16x16,16,16,16,,,,19.96,,,ok
bench,vanilla-nci,none,off,off,8,bram,g1_32x32,32,32,32,,,,72.26,,,ok
bench,vanilla-nci,none,off,off,8,bram,g1_64x64,64,64,64,,,,353.75,,,ok
bench,vanilla-nci,none,off,off,8,bram,g2_16x8,16,8,8,,,,12.26,,,ok
bench,vanilla-nci,none,off,off,8,bram,g2_64x8,64,8,8,,,,32.15,,,ok
bench,vanilla-nci,none,off,off,8,bram,g2_256x8,256,8,8,,,,111.4,,,ok
bench,vanilla-nci,none,off,off,8,bram,g2_64x16,64,16,16,,,,62.47,,,ok
bench,vanilla-nci,none,off,off,8,bram,g2_256x16,256,16,16,,,,232.67,,,ok
bench,vanilla-nci,none,off,off,8,bram,g2_64x32,64,32,32,,,,138.66,,,ok
bench,vanilla-nci,none,off,off,8,bram,g3_8x16,8,16,16,,,,12.77,,,ok
bench,vanilla-nci,none,off,off,8,bram,g3_8x64,8,64,64,,,,49.15,,,ok
bench,vanilla-nci,none,off,off,8,bram,g3_16x64,16,64,64,,,,92.66,,,ok
bench,vanilla-nci,none,off,off,8,bram,g3_32x64,32,64,64,,,,179.59,,,ok
bench,vanilla-nci,none,off,off,16,bram,g1_16x16,16,16,16,,,,15.79,,,ok
bench,vanilla-nci,none,off,off,16,bram,g1_32x32,32,32,32,,,,48.74,,,ok
bench,vanilla-nci,none,off,off,16,bram,g1_64x64,64,64,64,,,,198.13,,,ok
bench,vanilla-nci,none,off,off,16,bram,g2_64x16,64,16,16,,,,46.54,,,ok
bench,vanilla-nci,none,off,off,16,bram,g2_256x16,256,16,16,,,,168.92,,,ok
bench,vanilla-nci,none,off,off,16,bram,g2_64x32,64,32,32,,,,91.82,,,ok
bench,vanilla-nci,none,off,off,16,bram,g3_16x64,16,64,64,,,,53.79,,,ok
bench,vanilla-nci,none,off,off,16,bram,g3_32x64,32,64,64,,,,101.89,,,ok
bench,vanilla-nci,none,off,off,2,ocm,g1_8x8,8,8,8,,,,21.45,,,ok
bench,vanilla-nci,none,off,off,2,ocm,g1_16x16,16,16,16,,,,87.51,,,ok
bench,vanilla-nci,none,off,off,2,ocm,g1_32x32,32,32,32,,,,496.07,,,ok
bench,vanilla-nci,none,off,off,2,ocm,g1_64x64,64,64,64,,,,3291.71,,,ok
bench,vanilla-nci,none,off,off,2,ocm,g2_16x8,16,8,8,,,,36.8,,,ok
bench,vanilla-nci,none,off,off,2,ocm,g2_64x8,64,8,8,,,,131.5,,,ok
bench,vanilla-nci,none,off,off,2,ocm,g2_256x8,256,8,8,,,,508.87,,,ok
bench,vanilla-nci,none,off,off,2,ocm,g2_64x16,64,16,16,,,,333.64,,,ok
bench,vanilla-nci,none,off,off,2,ocm,g2_256x16,256,16,16,,,,1317.43,,,ok
bench,vanilla-nci,none,off,off,2,ocm,g2_64x32,64,32,32,,,,986.13,,,ok
bench,vanilla-nci,none,off,off,2,ocm,g3_8x16,8,16,16,,,,46.49,,,ok
bench,vanilla-nci,none,off,off,2,ocm,g3_8x64,8,64,64,,,,416.41,,,ok
bench,vanilla-nci,none,off,off,2,ocm,g3_16x64,16,64,64,,,,827.07,,,ok
bench,vanilla-nci,none,off,off,2,ocm,g3_32x64,32,64,64,,,,1648.7,,,ok
bench,vanilla-nci,none,off,off,4,ocm,g1_8x8,8,8,8,,,,11.06,,,ok
bench,vanilla-nci,none,off,off,4,ocm,g1_16x16,16,16,16,,,,32.34,,,ok
bench,vanilla-nci,none,off,off,4,ocm,g1_32x32,32,32,32,,,,152.34,,,ok
bench,vanilla-nci,none,off,off,4,ocm,g1_64x64,64,64,64,,,,922.32,,,ok
bench,vanilla-nci,none,off,off,4,ocm,g2_16x8,16,8,8,,,,16.67,,,ok
bench,vanilla-nci,none,off,off,4,ocm,g2_64x8,64,8,8,,,,50.23,,,ok
bench,vanilla-nci,none,off,off,4,ocm,g2_256x8,256,8,8,,,,184.85,,,ok
bench,vanilla-nci,none,off,off,4,ocm,g2_64x16,64,16,16,,,,112.79,,,ok
bench,vanilla-nci,none,off,off,4,ocm,g2_256x16,256,16,16,,,,434.02,,,ok
bench,vanilla-nci,none,off,off,4,ocm,g2_64x32,64,32,32,,,,299.04,,,ok
bench,vanilla-nci,none,off,off,4,ocm,g3_8x16,8,16,16,,,,19.11,,,ok
bench,vanilla-nci,none,off,off,4,ocm,g3_8x64,8,64,64,,,,120.12,,,ok
bench,vanilla-nci,none,off,off,4,ocm,g3_16x64,16,64,64,,,,234.71,,,ok
bench,vanilla-nci,none,off,off,4,ocm,g3_32x64,32,64,64,,,,463.84,,,ok
bench,vanilla-nci,none,off,off,8,ocm,g1_8x8,8,8,8,,,,9.02,,,ok
bench,vanilla-nci,none,off,off,8,ocm,g1_16x16,16,16,16,,,,20.37,,,ok
bench,vanilla-nci,none,off,off,8,ocm,g1_32x32,32,32,32,,,,73.26,,,ok
bench,vanilla-nci,none,off,off,8,ocm,g1_64x64,64,64,64,,,,340.94,,,ok
bench,vanilla-nci,none,off,off,8,ocm,g2_16x8,16,8,8,,,,12.75,,,ok
bench,vanilla-nci,none,off,off,8,ocm,g2_64x8,64,8,8,,,,34.32,,,ok
bench,vanilla-nci,none,off,off,8,ocm,g2_256x8,256,8,8,,,,120.99,,,ok
bench,vanilla-nci,none,off,off,8,ocm,g2_64x16,64,16,16,,,,65.94,,,ok
bench,vanilla-nci,none,off,off,8,ocm,g2_256x16,256,16,16,,,,246.64,,,ok
bench,vanilla-nci,none,off,off,8,ocm,g2_64x32,64,32,32,,,,140.79,,,ok
bench,vanilla-nci,none,off,off,8,ocm,g3_8x16,8,16,16,,,,13.01,,,ok
bench,vanilla-nci,none,off,off,8,ocm,g3_8x64,8,64,64,,,,47.45,,,ok
bench,vanilla-nci,none,off,off,8,ocm,g3_16x64,16,64,64,,,,89.3,,,ok
bench,vanilla-nci,none,off,off,8,ocm,g3_32x64,32,64,64,,,,173.16,,,ok
bench,vanilla-nci,none,off,off,16,ocm,g1_16x16,16,16,16,,,,16.08,,,ok
bench,vanilla-nci,none,off,off,16,ocm,g1_32x32,32,32,32,,,,49.15,,,ok
bench,vanilla-nci,none,off,off,16,ocm,g1_64x64,64,64,64,,,,196.76,,,ok
bench,vanilla-nci,none,off,off,16,ocm,g2_64x16,64,16,16,,,,47.48,,,ok
bench,vanilla-nci,none,off,off,16,ocm,g2_256x16,256,16,16,,,,173.04,,,ok
bench,vanilla-nci,none,off,off,16,ocm,g2_64x32,64,32,32,,,,92.72,,,ok
bench,vanilla-nci,none,off,off,16,ocm,g3_16x64,16,64,64,,,,53.2,,,ok
bench,vanilla-nci,none,off,off,16,ocm,g3_32x64,32,64,64,,,,101.25,,,ok
bench,vanilla-nci,none,off,off,2,hybrid,g1_8x8,8,8,8,,,,21.11,,,ok
bench,vanilla-nci,none,off,off,2,hybrid,g1_16x16,16,16,16,,,,87.22,,,ok
bench,vanilla-nci,none,off,off,2,hybrid,g1_32x32,32,32,32,,,,495.26,,,ok
bench,vanilla-nci,none,off,off,2,hybrid,g1_64x64,64,64,64,,,,3289.98,,,ok
bench,vanilla-nci,none,off,off,2,hybrid,g2_16x8,16,8,8,,,,36.71,,,ok
bench,vanilla-nci,none,off,off,2,hybrid,g2_64x8,64,8,8,,,,129.49,,,ok
bench,vanilla-nci,none,off,off,2,hybrid,g2_256x8,256,8,8,,,,501.03,,,ok
bench,vanilla-nci,none,off,off,2,hybrid,g2_64x16,64,16,16,,,,331.46,,,ok
bench,vanilla-nci,none,off,off,2,hybrid,g2_256x16,256,16,16,,,,1308.76,,,ok
bench,vanilla-nci,none,off,off,2,hybrid,g2_64x32,64,32,32,,,,984.57,,,ok
bench,vanilla-nci,none,off,off,2,hybrid,g3_8x16,8,16,16,,,,46.59,,,ok
bench,vanilla-nci,none,off,off,2,hybrid,g3_8x64,8,64,64,,,,416.22,,,ok
bench,vanilla-nci,none,off,off,2,hybrid,g3_16x64,16,64,64,,,,826.86,,,ok
bench,vanilla-nci,none,off,off,2,hybrid,g3_32x64,32,64,64,,,,1647.78,,,ok
bench,vanilla-nci,none,off,off,4,hybrid,g1_8x8,8,8,8,,,,11.2,,,ok
bench,vanilla-nci,none,off,off,4,hybrid,g1_16x16,16,16,16,,,,32.38,,,ok
bench,vanilla-nci,none,off,off,4,hybrid,g1_32x32,32,32,32,,,,152.24,,,ok
bench,vanilla-nci,none,off,off,4,hybrid,g1_64x64,64,64,64,,,,921.6,,,ok
bench,vanilla-nci,none,off,off,4,hybrid,g2_16x8,16,8,8,,,,16.75,,,ok
bench,vanilla-nci,none,off,off,4,hybrid,g2_64x8,64,8,8,,,,49.71,,,ok
bench,vanilla-nci,none,off,off,4,hybrid,g2_256x8,256,8,8,,,,181.24,,,ok
bench,vanilla-nci,none,off,off,4,hybrid,g2_64x16,64,16,16,,,,112.19,,,ok
bench,vanilla-nci,none,off,off,4,hybrid,g2_256x16,256,16,16,,,,431.31,,,ok
bench,vanilla-nci,none,off,off,4,hybrid,g2_64x32,64,32,32,,,,298.53,,,ok
bench,vanilla-nci,none,off,off,4,hybrid,g3_8x16,8,16,16,,,,19.03,,,ok
bench,vanilla-nci,none,off,off,4,hybrid,g3_8x64,8,64,64,,,,120.19,,,ok
bench,vanilla-nci,none,off,off,4,hybrid,g3_16x64,16,64,64,,,,234.67,,,ok
bench,vanilla-nci,none,off,off,4,hybrid,g3_32x64,32,64,64,,,,463.58,,,ok
bench,vanilla-nci,none,off,off,8,hybrid,g1_8x8,8,8,8,,,,9.18,,,ok
bench,vanilla-nci,none,off,off,8,hybrid,g1_16x16,16,16,16,,,,20.62,,,ok
bench,vanilla-nci,none,off,off,8,hybrid,g1_32x32,32,32,32,,,,73.17,,,ok
bench,vanilla-nci,none,off,off,8,hybrid,g1_64x64,64,64,64,,,,340.73,,,ok
bench,vanilla-nci,none,off,off,8,hybrid,g2_16x8,16,8,8,,,,12.59,,,ok
bench,vanilla-nci,none,off,off,8,hybrid,g2_64x8,64,8,8,,,,34.15,,,ok
bench,vanilla-nci,none,off,off,8,hybrid,g2_256x8,256,8,8,,,,119.51,,,ok
bench,vanilla-nci,none,off,off,8,hybrid,g2_64x16,64,16,16,,,,65.41,,,ok
bench,vanilla-nci,none,off,off,8,hybrid,g2_256x16,256,16,16,,,,244.76,,,ok
bench,vanilla-nci,none,off,off,8,hybrid,g2_64x32,64,32,32,,,,140.54,,,ok
bench,vanilla-nci,none,off,off,8,hybrid,g3_8x16,8,16,16,,,,13.12,,,ok
bench,vanilla-nci,none,off,off,8,hybrid,g3_8x64,8,64,64,,,,47.67,,,ok
bench,vanilla-nci,none,off,off,8,hybrid,g3_16x64,16,64,64,,,,89.51,,,ok
bench,vanilla-nci,none,off,off,8,hybrid,g3_32x64,32,64,64,,,,173.22,,,ok
bench,vanilla-nci,none,off,off,16,hybrid,g1_16x16,16,16,16,,,,15.98,,,ok
bench,vanilla-nci,none,off,off,16,hybrid,g1_32x32,32,32,32,,,,48.73,,,ok
bench,vanilla-nci,none,off,off,16,hybrid,g1_64x64,64,64,64,,,,194.94,,,ok
bench,vanilla-nci,none,off,off,16,hybrid,g2_64x16,64,16,16,,,,46.84,,,ok
bench,vanilla-nci,none,off,off,16,hybrid,g2_256x16,256,16,16,,,,170.48,,,ok
bench,vanilla-nci,none,off,off,16,hybrid,g2_64x32,64,32,32,,,,91.91,,,ok
bench,vanilla-nci,none,off,off,16,hybrid,g3_16x64,16,64,64,,,,52.99,,,ok
bench,vanilla-nci,none,off,off,16,hybrid,g3_32x64,32,64,64,,,,100.25,,,ok
